-- phpMyAdmin SQL Dump
-- version 5.2.1
-- https://www.phpmyadmin.net/
--
-- Host: 127.0.0.1
-- Generation Time: Apr 14, 2025 at 03:04 AM
-- Server version: 10.4.32-MariaDB
-- PHP Version: 8.2.12

SET SQL_MODE = "NO_AUTO_VALUE_ON_ZERO";
START TRANSACTION;
SET time_zone = "+00:00";


/*!40101 SET @OLD_CHARACTER_SET_CLIENT=@@CHARACTER_SET_CLIENT */;
/*!40101 SET @OLD_CHARACTER_SET_RESULTS=@@CHARACTER_SET_RESULTS */;
/*!40101 SET @OLD_COLLATION_CONNECTION=@@COLLATION_CONNECTION */;
/*!40101 SET NAMES utf8mb4 */;

--
-- Database: `cityhalldtr`
--

-- --------------------------------------------------------

--
-- Table structure for table `dtr_records`
--

CREATE TABLE `dtr_records` (
  `id` int(11) NOT NULL,
  `user_id` int(11) NOT NULL,
  `date` date NOT NULL,
  `time_in_am` time DEFAULT NULL,
  `time_out_am` time DEFAULT NULL,
  `time_in_pm` time DEFAULT NULL,
  `time_out_pm` time DEFAULT NULL,
  `total_hours` decimal(5,2) GENERATED ALWAYS AS (ifnull(timestampdiff(MINUTE,`time_in_am`,`time_out_am`) / 60.0,0) + ifnull(timestampdiff(MINUTE,`time_in_pm`,`time_out_pm`) / 60.0,0)) STORED,
  `created_at` timestamp NOT NULL DEFAULT current_timestamp(),
  `updated_at` timestamp NOT NULL DEFAULT current_timestamp() ON UPDATE current_timestamp()
) ENGINE=InnoDB DEFAULT CHARSET=utf8mb4 COLLATE=utf8mb4_general_ci;

--
-- Dumping data for table `dtr_records`
--

INSERT INTO `dtr_records` (`id`, `user_id`, `date`, `time_in_am`, `time_out_am`, `time_in_pm`, `time_out_pm`, `created_at`, `updated_at`) VALUES
(51, 1, '2025-02-12', '08:00:00', '12:07:00', '12:07:00', '17:09:00', '2025-03-13 08:18:36', '2025-03-13 08:18:36'),
(53, 1, '2025-02-13', '07:43:00', '12:04:00', '12:04:00', '17:04:00', '2025-03-13 08:20:21', '2025-03-13 08:20:21'),
(54, 1, '2025-02-14', '08:00:00', '12:00:00', '12:00:00', '17:00:00', '2025-03-13 08:20:55', '2025-03-13 08:20:55'),
(55, 1, '2025-02-17', '07:59:00', '12:04:00', '12:04:00', '17:05:00', '2025-03-13 08:21:54', '2025-03-13 08:21:54'),
(56, 1, '2025-02-18', '07:47:00', '12:09:00', '12:09:00', '17:14:00', '2025-03-13 08:22:26', '2025-03-13 08:22:26'),
(57, 1, '2025-02-19', '07:58:00', '12:06:00', '12:06:00', '17:09:00', '2025-03-13 08:23:34', '2025-03-13 08:23:34'),
(58, 1, '2025-02-20', '07:57:00', '12:07:00', '12:07:00', '17:05:00', '2025-03-13 08:26:22', '2025-03-13 08:26:22'),
(59, 1, '2025-02-21', '08:00:00', '12:00:00', '12:00:00', '17:09:00', '2025-03-13 08:26:59', '2025-03-13 08:27:28'),
(60, 1, '2025-02-22', '08:00:00', '12:00:00', '12:00:00', '17:00:00', '2025-03-13 08:27:44', '2025-03-13 08:27:44'),
(61, 1, '2025-02-25', '08:00:00', '12:06:00', '12:06:00', '17:33:00', '2025-03-13 08:28:49', '2025-03-13 08:28:49'),
(63, 1, '2025-02-26', '08:00:00', '12:10:00', '12:10:00', '17:30:00', '2025-03-13 08:31:03', '2025-03-13 08:31:03'),
(64, 1, '2025-02-27', '08:00:00', '12:24:00', '12:24:00', '17:30:00', '2025-03-13 08:31:29', '2025-03-13 08:31:29'),
(65, 1, '2025-02-28', '07:55:00', '12:13:00', '12:13:00', '17:30:00', '2025-03-13 08:32:08', '2025-03-13 08:32:08'),
(66, 1, '2025-03-01', '08:00:00', '12:00:00', '12:00:00', '17:30:00', '2025-03-13 08:32:51', '2025-03-13 08:32:51'),
(67, 1, '2025-03-03', '08:00:00', '12:07:00', '12:07:00', '17:33:00', '2025-03-13 08:35:10', '2025-03-13 08:35:10'),
(68, 1, '2025-03-04', '08:00:00', '12:18:00', '12:18:00', '17:30:00', '2025-03-13 08:36:34', '2025-03-13 08:37:01'),
(69, 1, '2025-03-05', '08:00:00', '12:00:00', '12:00:00', '17:30:00', '2025-03-13 08:37:28', '2025-03-13 08:37:28'),
(70, 1, '2025-03-06', '08:00:00', '12:10:00', '12:10:00', '17:00:00', '2025-03-13 08:39:29', '2025-03-13 08:39:29'),
(71, 1, '2025-03-07', '07:53:00', '12:00:00', '12:00:00', '17:30:00', '2025-03-13 08:39:56', '2025-03-13 08:39:56'),
(72, 1, '2025-03-08', '08:00:00', '12:00:00', '12:00:00', '17:30:00', '2025-03-13 08:40:13', '2025-03-13 08:40:13'),
(73, 1, '2025-03-10', '08:00:00', '12:00:00', '12:00:00', '17:30:00', '2025-03-13 08:42:05', '2025-03-13 08:42:05'),
(74, 1, '2025-03-11', '07:54:00', '12:07:00', '12:07:00', '17:30:00', '2025-03-13 08:43:48', '2025-03-13 08:43:48'),
(75, 1, '2025-03-13', '08:00:00', '12:00:00', '12:00:00', '17:30:00', '2025-03-13 08:44:11', '2025-03-13 08:44:11'),
(76, 1, '2025-03-12', '08:00:00', '12:00:00', '12:00:00', '17:00:00', '2025-03-13 08:44:21', '2025-03-13 08:44:21'),
(77, 1, '2025-03-14', '08:00:00', '12:00:00', '12:00:00', '17:30:00', '2025-03-14 05:21:51', '2025-03-14 05:21:51'),
(78, 1, '2025-03-15', '08:00:00', '12:00:00', '12:00:00', '17:30:00', '2025-03-17 01:06:39', '2025-03-17 01:06:39'),
(79, 1, '2025-03-17', '08:00:00', '12:00:00', '12:00:00', '17:30:00', '2025-03-17 01:06:51', '2025-03-17 01:06:51'),
(80, 1, '2025-03-18', '08:00:00', '12:00:00', '12:00:00', '17:30:00', '2025-03-18 05:44:10', '2025-03-18 05:44:10'),
(81, 2, '2025-03-15', '08:00:00', '12:00:00', '12:00:00', '17:00:00', '2025-03-18 07:29:52', '2025-03-18 07:29:52'),
(83, 3, '2025-03-19', '08:00:00', '12:00:00', '12:00:00', '17:00:00', '2025-03-19 06:59:06', '2025-03-19 06:59:06'),
(84, 3, '2025-03-18', '08:00:00', '12:00:00', '12:00:00', '17:00:00', '2025-03-19 06:59:16', '2025-03-19 06:59:16'),
(85, 3, '2025-03-17', '08:00:00', '12:00:00', '12:00:00', '17:00:00', '2025-03-19 07:00:57', '2025-03-19 07:00:57'),
(86, 3, '2025-03-15', '08:00:00', '12:00:00', '12:00:00', '17:00:00', '2025-03-19 07:01:01', '2025-03-19 07:01:01'),
(87, 3, '2025-03-14', '08:00:00', '12:00:00', '12:00:00', '17:00:00', '2025-03-19 07:01:06', '2025-03-19 07:01:06'),
(88, 3, '2025-03-13', '08:00:00', '12:00:00', '12:00:00', '17:00:00', '2025-03-19 07:01:11', '2025-03-19 07:01:11'),
(89, 3, '2025-03-12', '08:00:00', '12:00:00', '12:00:00', '17:00:00', '2025-03-19 07:01:24', '2025-03-19 07:01:24'),
(90, 3, '2025-03-11', '08:00:00', '12:00:00', '12:00:00', '17:00:00', '2025-03-19 07:01:27', '2025-03-19 07:01:27'),
(91, 3, '2025-03-10', '08:00:00', '12:00:00', '12:00:00', '17:00:00', '2025-03-19 07:01:33', '2025-03-19 07:01:33'),
(92, 3, '2025-03-08', '08:00:00', '12:00:00', '12:00:00', '17:00:00', '2025-03-19 07:01:37', '2025-03-19 07:01:37'),
(93, 3, '2025-03-07', '08:00:00', '12:00:00', '12:00:00', '17:00:00', '2025-03-19 07:01:41', '2025-03-19 07:01:41'),
(94, 3, '2025-03-06', '08:00:00', '12:00:00', '12:00:00', '17:00:00', '2025-03-19 07:01:47', '2025-03-19 07:01:47'),
(95, 3, '2025-03-05', '08:00:00', '12:00:00', '12:00:00', '17:00:00', '2025-03-19 07:02:17', '2025-03-19 07:02:17'),
(96, 3, '2025-03-04', '08:00:00', '12:00:00', '12:00:00', '17:00:00', '2025-03-19 07:02:21', '2025-03-19 07:02:21'),
(97, 3, '2025-03-03', '08:00:00', '12:00:00', '12:00:00', '17:00:00', '2025-03-19 07:02:26', '2025-03-19 07:02:26'),
(99, 3, '2025-02-20', '08:00:00', '12:00:00', '12:00:00', '17:00:00', '2025-03-19 07:02:53', '2025-03-19 07:02:53'),
(101, 3, '2025-02-21', '08:00:00', '12:00:00', '12:00:00', '17:00:00', '2025-03-19 07:03:03', '2025-03-19 07:03:03'),
(102, 3, '2025-02-22', '08:00:00', '12:00:00', '12:00:00', '17:00:00', '2025-03-19 07:03:11', '2025-03-19 07:03:11'),
(103, 3, '2025-02-25', '08:00:00', '12:00:00', '12:00:00', '17:00:00', '2025-03-19 07:03:23', '2025-03-19 07:03:23'),
(104, 3, '2025-02-26', '08:00:00', '12:00:00', '12:00:00', '17:00:00', '2025-03-19 07:03:29', '2025-03-19 07:03:29'),
(105, 3, '2025-02-27', '08:00:00', '12:00:00', '12:00:00', '17:00:00', '2025-03-19 07:03:41', '2025-03-19 07:03:41'),
(106, 3, '2025-02-28', '08:00:00', '12:00:00', '12:00:00', '17:00:00', '2025-03-19 07:03:49', '2025-03-19 07:03:49'),
(107, 3, '2025-03-01', '08:00:00', '12:00:00', '12:00:00', '17:00:00', '2025-03-19 07:15:57', '2025-03-19 07:15:57'),
(109, 1, '2025-03-19', '08:00:00', '12:00:00', '12:00:00', '17:30:00', '2025-03-19 08:17:05', '2025-03-19 08:17:05'),
(110, 1, '2025-03-20', '08:00:00', '12:00:00', '12:00:00', '17:30:00', '2025-03-20 00:54:00', '2025-03-20 00:54:00'),
(116, 1, '2025-03-21', '08:00:00', '12:00:00', '12:00:00', '17:30:00', '2025-03-21 01:18:12', '2025-03-21 01:18:12'),
(118, 1, '2025-03-22', '08:00:00', '12:00:00', '12:00:00', '17:30:00', '2025-03-21 02:50:46', '2025-03-21 02:50:46'),
(157, 1, '2025-04-07', '08:00:00', '12:00:00', '12:00:00', '17:30:00', '2025-03-21 07:25:55', '2025-03-21 07:25:55'),
(158, 1, '2025-03-24', '08:00:00', '12:00:00', '12:00:00', '17:30:00', '2025-03-24 00:48:35', '2025-03-24 00:48:35'),
(159, 1, '2025-03-25', '08:00:00', '12:00:00', '12:00:00', '17:30:00', '2025-03-25 06:05:44', '2025-03-25 06:05:44'),
(170, 1, '2025-03-26', '08:00:00', '12:00:00', '12:00:00', '17:30:00', '2025-03-26 02:34:34', '2025-03-26 02:55:39');

-- --------------------------------------------------------

--
-- Table structure for table `journals`
--

CREATE TABLE `journals` (
  `id` int(11) NOT NULL,
  `user_id` int(11) NOT NULL,
  `date` date NOT NULL,
  `name` varchar(100) DEFAULT NULL,
  `department` varchar(255) NOT NULL,
  `text` text NOT NULL,
  `created_at` timestamp NOT NULL DEFAULT current_timestamp(),
  `updated_at` timestamp NOT NULL DEFAULT current_timestamp() ON UPDATE current_timestamp()
) ENGINE=InnoDB DEFAULT CHARSET=utf8mb4 COLLATE=utf8mb4_general_ci;

--
-- Dumping data for table `journals`
--

INSERT INTO `journals` (`id`, `user_id`, `date`, `name`, `department`, `text`, `created_at`, `updated_at`) VALUES
(5, 1, '2025-03-03', NULL, 'asd', 'asdasd', '2025-03-21 05:30:24', '2025-03-21 05:30:24'),
(6, 1, '2025-03-04', NULL, 'asdasd', 'asdasdadasdas', '2025-03-21 05:30:54', '2025-03-21 05:30:54'),
(7, 1, '2025-03-05', NULL, 'asdasd', 'asdasd', '2025-03-21 05:41:07', '2025-03-21 05:41:07'),
(8, 1, '2025-04-07', NULL, 'asdasdasd', 'asdasdasdad', '2025-03-21 07:26:01', '2025-03-21 07:26:01'),
(9, 1, '2025-03-06', NULL, 'asd', 'asd', '2025-03-21 07:47:45', '2025-03-21 07:47:45'),
(10, 1, '2025-03-07', NULL, 'asd', 'asdasd', '2025-03-21 07:47:50', '2025-03-21 07:47:50'),
(11, 1, '2025-03-08', NULL, 'asdasd', 'asdasdad', '2025-03-21 07:47:55', '2025-03-21 07:47:55'),
(12, 1, '2025-03-25', NULL, 'asdasd', 'asdasdad', '2025-03-25 06:07:31', '2025-03-25 06:07:31');

-- --------------------------------------------------------

--
-- Table structure for table `users`
--

CREATE TABLE `users` (
  `id` int(11) NOT NULL,
  `username` varchar(255) NOT NULL,
  `password` varchar(255) NOT NULL
) ENGINE=InnoDB DEFAULT CHARSET=utf8mb4 COLLATE=utf8mb4_general_ci;

--
-- Dumping data for table `users`
--

INSERT INTO `users` (`id`, `username`, `password`) VALUES
(1, 'ryan', '$2y$10$JA8VF/rKTI.60/CTpEoX3O9p3sIOKcYVnu.hEmNE87.MVKc/4h5X.'),
(2, 'vivar', '$2y$10$6pLV7OgW/Lf8tBl/CRU1dOtBE10ufqr5bvRgJALBAnWVcocjGCb2y'),
(3, 'friolo', '$2y$10$aiYae7ANxbq1rZu.A/FX2OFjPvd7j8K7iYcvNByo8P5MN3BynJVvO');

--
-- Indexes for dumped tables
--

--
-- Indexes for table `dtr_records`
--
ALTER TABLE `dtr_records`
  ADD PRIMARY KEY (`id`),
  ADD UNIQUE KEY `unique_user_date` (`user_id`,`date`);

--
-- Indexes for table `journals`
--
ALTER TABLE `journals`
  ADD PRIMARY KEY (`id`),
  ADD UNIQUE KEY `unique_user_date` (`user_id`,`date`);

--
-- Indexes for table `users`
--
ALTER TABLE `users`
  ADD PRIMARY KEY (`id`),
  ADD UNIQUE KEY `username` (`username`);

--
-- AUTO_INCREMENT for dumped tables
--

--
-- AUTO_INCREMENT for table `dtr_records`
--
ALTER TABLE `dtr_records`
  MODIFY `id` int(11) NOT NULL AUTO_INCREMENT, AUTO_INCREMENT=173;

--
-- AUTO_INCREMENT for table `journals`
--
ALTER TABLE `journals`
  MODIFY `id` int(11) NOT NULL AUTO_INCREMENT, AUTO_INCREMENT=14;

--
-- AUTO_INCREMENT for table `users`
--
ALTER TABLE `users`
  MODIFY `id` int(11) NOT NULL AUTO_INCREMENT, AUTO_INCREMENT=4;

--
-- Constraints for dumped tables
--

--
-- Constraints for table `dtr_records`
--
ALTER TABLE `dtr_records`
  ADD CONSTRAINT `dtr_records_ibfk_1` FOREIGN KEY (`user_id`) REFERENCES `users` (`id`) ON DELETE CASCADE;

--
-- Constraints for table `journals`
--
ALTER TABLE `journals`
  ADD CONSTRAINT `journals_ibfk_1` FOREIGN KEY (`user_id`) REFERENCES `users` (`id`);
COMMIT;

/*!40101 SET CHARACTER_SET_CLIENT=@OLD_CHARACTER_SET_CLIENT */;
/*!40101 SET CHARACTER_SET_RESULTS=@OLD_CHARACTER_SET_RESULTS */;
/*!40101 SET COLLATION_CONNECTION=@OLD_COLLATION_CONNECTION */;
